Domain,Status,Attractiveness,Demand,Length,Sectors,Created,Expires,Registrar
one.skin,available,132,44%,3,"Business,General,Media,Technology",,,
brief.skin,available,124,19%,5,"Business,Education,General,Law",,,
complete.skin,available,120,21%,8,"Manufacturing,Retail,Technology",,,
equal.skin,available,116,19%,5,"Education,General,Law",,,
tenth.skin,available,116,7%,5,Mathematics,,,
flat.skin,available,116,24%,4,"Construction,Real Estate",,,
tonic.skin,available,114,22%,5,"Health and Fitness,Medicine,Science",,,
zero.skin,expiring,112,49%,4,Mathematics,20/08/2024 16:59,20/08/2025 23:59,"Spaceship, Inc."
above.skin,available,112,22%,5,Business,,,
hotshot.skin,available,112,14%,7,"Business,Entertainment,Sports",,,
abstract.skin,available,108,29%,8,"Arts,Humanities,Science",,,
abiding.skin,available,106,5%,7,"General,Religion",,,
expert.skin,available,104,26%,6,"Business,Education,Technology",,,
active.skin,available,104,27%,6,"Health and Fitness,Sports,Travel",,,
teen.skin,expiring,104,14%,4,"Education,Entertainment,Healthcare",26/08/2016 17:44,26/08/2025 23:59,"XYZ.com, LLC"
captive.skin,available,102,14%,7,"Entertainment,Hospitality,Technology",,,
eight.skin,available,102,23%,5,"General,Mathematics",,,
absent.skin,available,102,8%,6,"Business,Education,Technology",,,
crack.skin,available,100,20%,5,Sports,,,
eighth.skin,available,100,6%,6,Mathematics,,,
abrupt.skin,available,100,3%,6,"Medicine,Science",,,
whiz.skin,available,100,12%,4,"Business,Education,Technology",,,
adjunct.skin,available,100,5%,7,Education,,,
sixth.skin,available,100,8%,5,Mathematics,,,
remove.skin,available,100,13%,6,"Construction,Manufacturing,Technology",,,
third.skin,available,100,16%,5,Mathematics,,,
genius.skin,resell,98,46%,6,"Arts,Education,Technology",29/07/2025 08:35,29/07/2026 23:59,Dynadot LLC
whizz.skin,expired,98,11%,5,"Business,Education,Technology",25/06/2024 10:39,25/06/2025 23:59,"NameSilo, LLC"
forgiving.skin,available,96,3%,9,"Healthcare,Religion",,,
actual.skin,available,96,22%,6,"Real Estate,Retail,Technology",,,
academic.skin,available,96,20%,8,"Education,Humanities,Science",,,
doable.skin,available,96,9%,6,"Business,Education,Technology",,,
alamode.skin,available,96,12%,9,Fashion,,,
about.skin,available,94,28%,5,"Business,General,Media,Technology",,,
adequate.skin,available,94,9%,8,"Education,Healthcare,Technology",,,
virtuoso.skin,available,94,16%,8,"Arts,Entertainment",,,
abject.skin,available,94,7%,6,Humanities,,,
around.skin,available,94,22%,6,"Business,General,Media,Technology",,,
exemplary.skin,available,92,5%,9,"Business,Education,Healthcare",,,
abroad.skin,available,92,12%,6,"Hospitality,Travel",,,
neutral.skin,available,92,20%,7,"Business,Media,Politics",,,
adjective.skin,available,92,5%,9,Education,,,
nought.skin,available,92,4%,6,Mathematics,,,
derelict.skin,available,92,7%,8,"Construction,Real Estate",,,
next.skin,available,92,43%,4,"Retail,Technology,Transportation",,,
twentieth.skin,available,92,3%,9,Mathematics,,,
adept.skin,available,92,24%,5,"Education,Health and Fitness,Sports",,,
endearing.skin,available,90,1%,9,"Entertainment,Fashion,Retail",,,
adoring.skin,available,90,2%,7,"Entertainment,Fashion,Retail",,,
additional.skin,available,90,8%,10,"Fashion,Retail,Technology",,,
abortive.skin,available,90,1%,8,"Medicine,Science",,,
leash.skin,available,90,7%,5,"General,Health and Fitness,Retail",,,
addictive.skin,available,90,9%,9,Healthcare,,,
gripping.skin,available,90,3%,8,"Entertainment,Media,Technology",,,
riveting.skin,available,90,6%,8,"Entertainment,Media,Technology",,,
proficient.skin,available,88,8%,10,"Education,Health and Fitness,Sports",,,
hundred.skin,available,88,14%,7,Mathematics,,,
ten.skin,available,88,28%,3,"General,Mathematics",,,
eleven.skin,available,88,33%,6,Mathematics,,,
fifteen.skin,available,88,13%,7,Mathematics,,,
adlib.skin,available,88,7%,6,Entertainment,,,
twelve.skin,available,88,18%,6,"General,Mathematics",,,
three.skin,available,88,24%,5,Mathematics,,,
activist.skin,available,88,12%,8,"Humanities,Politics",,,
wide.skin,available,88,18%,4,"Business,Media,Technology",,,
actionable.skin,available,88,13%,10,"Business,Law",,,
ace.skin,available,88,34%,3,Sports,,,
sixteen.skin,available,88,11%,7,Mathematics,,,
extempore.skin,available,86,3%,9,Entertainment,,,
xiv.skin,available,86,12%,3,Mathematics,,,
attendant.skin,available,86,5%,9,"Healthcare,Hospitality,Transportation",,,
xix.skin,available,86,11%,3,Mathematics,,,
aboriginal.skin,available,86,10%,10,Humanities,,,
intent.skin,available,86,25%,6,"Business,Education,Technology",,,
star.skin,available,86,40%,4,"Entertainment,Media,Sports",,,
cipher.skin,available,86,29%,6,Mathematics,,,
recondite.skin,available,86,4%,9,"Arts,Humanities,Science",,,
engrossing.skin,available,86,0%,10,"Entertainment,Media,Technology",,,
adolescent.skin,available,86,3%,10,"Education,Entertainment,Healthcare",,,
seventeen.skin,available,84,7%,9,Mathematics,,,
sharp.skin,available,84,34%,5,"Arts,Fashion",,,
thousand.skin,available,84,8%,8,Mathematics,,,
fourteen.skin,available,84,8%,8,Mathematics,,,
acting.skin,available,84,12%,6,Entertainment,,,
accessory.skin,available,84,8%,9,"Fashion,Retail,Technology",,,
nineteen.skin,available,84,8%,8,Mathematics,,,
twentytwo.skin,available,84,11%,10,Mathematics,,,
adjustable.skin,available,84,3%,10,"Manufacturing,Retail,Technology",,,
deviate.skin,available,84,12%,7,"Medicine,Science",,,
thirteen.skin,available,84,10%,8,Mathematics,,,
twentyone.skin,available,84,13%,10,Mathematics,,,
grand.skin,available,84,25%,5,"Finance,General",,,
decade.skin,available,82,10%,6,Mathematics,,,
abkhaz.skin,available,82,1%,6,Geography,,,
good.skin,available,82,47%,4,"Food and Beverage,General,Health and Fitness,Retail",,,
absorbent.skin,available,82,3%,9,"Healthcare,Manufacturing,Retail",,,
abroach.skin,available,82,1%,7,Food and Beverage,,,
enduring.skin,available,82,9%,8,"Health and Fitness,Religion",,,
altered.skin,available,82,9%,7,"Medicine,Science",,,
fivesome.skin,available,82,1%,8,Sports,,,
impromptu.skin,available,82,16%,9,Entertainment,,,
dozen.skin,available,82,10%,5,Mathematics,,,
abenaki.skin,available,82,2%,7,Geography,,,
absorbable.skin,available,80,0%,10,"Healthcare,Pharmaceuticals,Science",,,
absurd.skin,available,80,16%,6,"Arts,Entertainment,Media",,,
worshipful.skin,available,80,1%,10,"Education,Healthcare,Religion",,,
nine.skin,available,80,24%,4,"General,Mathematics",,,
forty.skin,available,80,9%,5,Mathematics,,,
twenty.skin,available,80,12%,6,Mathematics,,,
adoptable.skin,available,80,3%,9,"Education,Healthcare",,,
sequent.skin,available,80,7%,7,"Healthcare,Insurance,Transportation",,,
yard.skin,available,80,26%,4,"Construction,General",,,
abundant.skin,available,80,19%,8,"Agriculture,Manufacturing,Retail",,,
first.skin,available,80,36%,5,"General,Mathematics",,,
two.skin,available,80,24%,3,Mathematics,,,
wiz.skin,resell,80,30%,3,"Business,Education,Technology",19/04/2023 04:48,19/04/2026 23:59,Namecheap
superstar.skin,available,80,18%,9,Entertainment,,,
dorsal.skin,available,80,6%,6,"Medicine,Science",,,
seventh.skin,available,80,10%,7,Mathematics,,,
capable.skin,available,80,12%,7,"Business,Education,Technology",,,
able.skin,available,80,29%,4,"Business,Education,General,Technology",,,
trio.skin,available,80,21%,4,Entertainment,,,
abkhasian.skin,available,78,1%,9,Geography,,,
adrenal.skin,available,78,4%,7,"Education,Healthcare,Science",,,
accepted.skin,available,78,6%,8,"Business,Education,Technology",,,
adjacent.skin,available,78,9%,8,"Construction,Real Estate,Retail",,,
accessible.skin,available,78,21%,10,"Healthcare,Retail,Technology",,,
dormant.skin,available,78,4%,7,"Medicine,Science",,,
absorptive.skin,available,78,1%,10,"Healthcare,Manufacturing,Retail",,,
honestly.skin,available,78,9%,8,"Business,Law",,,
twentysix.skin,available,78,8%,10,Mathematics,,,
sixtynine.skin,available,78,8%,10,Mathematics,,,
acceptant.skin,available,78,1%,9,"Education,Healthcare",,,
adorable.skin,available,78,8%,8,"Entertainment,Fashion,Retail",,,
acceptable.skin,available,78,5%,10,"Business,Hospitality,Retail",,,
accidental.skin,available,78,11%,10,"Healthcare,Insurance,Transportation",,,
abkhazian.skin,available,78,1%,9,Geography,,,
athletic.skin,available,78,15%,8,"Health and Fitness,Sports",,,
recognised.skin,available,78,3%,10,"Business,Education,Technology",,,
recognized.skin,available,78,3%,10,"Business,Education,Technology",,,
abounding.skin,available,78,2%,9,Agriculture,,,
accurate.skin,available,78,16%,8,"Engineering,Mathematics,Science",,,
eighteen.skin,available,76,7%,8,Mathematics,,,
adaptable.skin,available,76,9%,9,"Business,Education,Technology",,,
ague.skin,available,76,2%,4,"Geography,Medicine,Science",,,
incidental.skin,available,76,4%,10,"Healthcare,Insurance,Transportation",,,
ancillary.skin,available,76,6%,9,"Healthcare,Manufacturing,Technology",,,
thousandth.skin,available,76,1%,10,Mathematics,,,
abrasive.skin,available,76,6%,8,"Construction,Manufacturing",,,
adipose.skin,available,76,2%,7,"Healthcare,Science",,,
thirteenth.skin,available,76,4%,10,Mathematics,,,
energizing.skin,available,76,3%,10,"Food and Beverage,Health and Fitness,Travel",,,
acoustic.skin,available,76,14%,8,Science,,,
obscene.skin,available,76,5%,7,"Entertainment,Media",,,
fourteenth.skin,available,76,1%,10,Mathematics,,,
improvise.skin,available,76,4%,9,Entertainment,,,
diamond.skin,available,76,32%,7,Fashion,,,
nineteenth.skin,available,76,3%,10,Mathematics,,,
fifteenth.skin,available,76,2%,9,Mathematics,,,
ventral.skin,available,76,3%,7,Science,,,
adaptive.skin,available,76,28%,8,"Business,Education,Technology",,,
addable.skin,available,76,2%,7,"Engineering,Mathematics,Science",,,
firstrate.skin,available,76,6%,10,Business,,,
threed.skin,available,76,7%,7,Technology,,,
adhesive.skin,available,76,7%,8,"Construction,Manufacturing,Technology",,,
adherent.skin,available,76,4%,8,"Politics,Religion",,,
resultant.skin,available,76,2%,9,"Healthcare,Insurance,Transportation",,,
auxiliary.skin,available,76,7%,9,"Healthcare,Manufacturing,Technology",,,
hundredth.skin,available,76,1%,9,Mathematics,,,
supra.skin,expiring,74,25%,5,"Medicine,Science",17/09/2024 14:07,17/09/2025 23:59,"Spaceship, Inc."
achievable.skin,available,74,4%,10,"Business,Education,Technology",,,
sensation.skin,available,74,7%,9,"Entertainment,Media,Sports",,,
realizable.skin,available,74,1%,10,"Business,Education,Technology",,,
playing.skin,available,74,12%,7,Entertainment,,,
aberrant.skin,available,74,6%,8,"Medicine,Science",,,
acuate.skin,available,74,2%,6,"Engineering,Medicine,Science",,,
admirable.skin,available,74,5%,9,"Business,Education,Healthcare",,,
activated.skin,available,74,9%,9,"Healthcare,Manufacturing,Technology",,,
cleared.skin,available,74,7%,7,"Healthcare,Law,Transportation",,,
adenoid.skin,available,74,1%,7,"Health and Fitness,Medicine,Science",,,
abnormal.skin,available,74,16%,8,"Medicine,Science",,,
accepting.skin,available,74,3%,9,"Education,Healthcare",,,
skilful.skin,available,74,3%,7,"Education,Health and Fitness,Sports",,,
adapted.skin,available,74,6%,7,"Healthcare,Manufacturing,Technology",,,
single.skin,available,74,19%,6,Sports,,,
mavin.skin,available,74,7%,5,"Entertainment,Fashion,Technology",,,
adrenergic.skin,available,74,1%,10,"Education,Healthcare,Science",,,
adamant.skin,available,74,14%,7,Religion,,,
manageable.skin,available,74,4%,10,"Business,Education,Technology",,,
seventieth.skin,available,72,1%,10,Mathematics,,,
adjectival.skin,available,72,1%,10,Education,,,
existent.skin,available,72,3%,8,"Mathematics,Science",,,
ninetieth.skin,available,72,1%,9,Mathematics,,,
sixtieth.skin,available,72,1%,8,Mathematics,,,
aching.skin,available,72,4%,6,Healthcare,,,
adonic.skin,available,72,2%,6,"Arts,Education,Entertainment",,,
accustomed.skin,available,72,1%,10,"Business,Education,Humanities",,,
ablaze.skin,available,72,6%,6,Entertainment,,,
adjunctive.skin,available,72,1%,10,"Healthcare,Manufacturing,Technology",,,
liv.skin,available,72,27%,3,Mathematics,,,
eightieth.skin,available,72,1%,9,Mathematics,,,
adaptative.skin,available,72,1%,10,"Business,Education,Technology",,,
accusative.skin,available,72,0%,10,"Humanities,Law",,,
ternary.skin,available,72,7%,7,Mathematics,,,
adiabatic.skin,available,72,3%,9,"Engineering,Science",,,
trinity.skin,available,72,18%,7,Religion,,,
absolutist.skin,available,72,1%,10,"Humanities,Law,Politics",,,
deep.skin,available,72,41%,4,"Engineering,Mathematics,Science",,,
absorbed.skin,available,72,2%,8,"Entertainment,Media,Technology",,,
addicted.skin,available,72,9%,8,Healthcare,,,
abreast.skin,available,72,2%,7,"Business,Technology",,,
champion.skin,available,72,28%,8,"Entertainment,Health and Fitness,Sports",,,
improvize.skin,available,72,1%,9,Entertainment,,,
engrossed.skin,available,72,1%,9,"Entertainment,Media,Technology",,,
trey.skin,available,72,14%,4,Sports,,,
abloom.skin,available,72,5%,6,Agriculture,,,
miserable.skin,available,70,4%,9,Humanities,,,
accumbent.skin,available,70,1%,9,"Healthcare,Medicine,Science",,,
absorbing.skin,available,70,3%,9,"Entertainment,Media,Technology",,,
gymnastic.skin,available,70,3%,9,"Entertainment,Sports",,,
practiced.skin,available,70,3%,9,"Education,Health and Fitness,Sports",,,
tiptop.skin,available,70,24%,6,Fashion,,,
lowdown.skin,available,70,6%,8,"Entertainment,Media",,,
offhand.skin,available,70,2%,7,Entertainment,,,
acuminate.skin,available,70,1%,9,"Engineering,Medicine,Science",,,
admired.skin,available,70,5%,7,"Business,Education,Healthcare",,,
recumbent.skin,available,70,2%,9,"Healthcare,Medicine,Science",,,
adamantine.skin,available,70,4%,10,Religion,,,
adjusted.skin,available,70,5%,8,"Manufacturing,Retail,Technology",,,
skillful.skin,available,70,9%,8,"Education,Health and Fitness,Sports",,,
consequent.skin,available,70,3%,10,"Business,Education,General,Technology",,,
stillborn.skin,available,70,2%,9,"Medicine,Science",,,
abulic.skin,available,70,1%,6,Medicine,,,
abradant.skin,available,70,1%,8,"Construction,Manufacturing",,,
unity.skin,available,70,40%,5,Mathematics,,,
abkhas.skin,available,68,0%,6,Geography,,,
disciple.skin,available,68,14%,8,"Education,Religion",,,
ane.skin,available,68,12%,3,Mathematics,,,
decorated.skin,available,68,3%,9,"Entertainment,Fashion,Retail",,,
abducent.skin,available,68,0%,8,Medicine,,,
sevener.skin,available,68,1%,7,Mathematics,,,
fiftieth.skin,available,68,0%,8,Mathematics,,,
overseas.skin,available,68,12%,8,"Hospitality,Travel",,,
activating.skin,available,68,3%,10,"Healthcare,Manufacturing,Technology",,,
octonary.skin,available,68,1%,8,Mathematics,,,
achaian.skin,available,68,2%,7,Humanities,,,
scurvy.skin,available,68,3%,6,Humanities,,,
acerate.skin,available,68,1%,7,Science,,,
septenary.skin,available,68,1%,9,Mathematics,,,
thirtieth.skin,available,68,1%,9,Mathematics,,,
achaean.skin,available,68,2%,7,Humanities,,,
licenced.skin,available,68,2%,8,"Business,Healthcare,Insurance",,,
abnaki.skin,available,68,1%,6,Geography,,,
threesome.skin,available,68,5%,9,Entertainment,,,
ennead.skin,available,68,5%,6,Mathematics,,,
fortieth.skin,available,68,0%,8,Mathematics,,,
ablative.skin,available,68,3%,8,Science,,,
aroused.skin,available,68,3%,7,"Entertainment,Health and Fitness",,,
stygian.skin,available,68,5%,7,Humanities,,,
vindicated.skin,available,68,2%,10,"Humanities,Law,Politics",,,
licensed.skin,available,68,5%,8,"Business,Healthcare,Insurance",,,
aculeate.skin,available,68,1%,8,"Engineering,Medicine,Science",,,
aberdonian.skin,available,68,1%,10,Geography,,,
foursome.skin,available,68,4%,8,Sports,,,
accredited.skin,available,68,9%,10,"Business,Education,Healthcare",,,
acrobatic.skin,available,66,4%,9,"Entertainment,Sports",,,
maven.skin,available,66,30%,5,"Entertainment,Fashion,Technology",,,
onec.skin,available,66,6%,5,Mathematics,,,
adorned.skin,available,66,5%,7,"Entertainment,Fashion,Retail",,,
clv.skin,available,66,10%,3,Mathematics,,,
xvii.skin,available,66,5%,4,Mathematics,,,
abstinent.skin,available,66,1%,9,"Health and Fitness,Religion",,,
fifty.skin,available,66,12%,5,Mathematics,,,
six.skin,available,66,26%,3,Mathematics,,,
century.skin,available,66,17%,7,Education,,,
xiii.skin,available,66,9%,4,Mathematics,,,
xxvi.skin,available,66,3%,4,Mathematics,,,
performing.skin,available,66,6%,10,Entertainment,,,
accessary.skin,available,66,1%,9,"Business,Law,Technology",,,
eighty.skin,available,66,6%,6,Mathematics,,,
thirty.skin,available,66,8%,6,Mathematics,,,
acervate.skin,available,66,1%,8,Science,,,
xxii.skin,available,66,6%,4,Mathematics,,,
xviii.skin,available,66,5%,5,Mathematics,,,
deuce.skin,available,66,9%,5,Sports,,,
xxv.skin,available,66,6%,3,Mathematics,,,
four.skin,available,66,27%,4,Mathematics,,,
buzzing.skin,available,66,7%,7,"Entertainment,Media,Technology",,,
sextet.skin,available,66,1%,6,Entertainment,,,
five.skin,available,66,26%,4,Mathematics,,,
xxi.skin,available,66,10%,3,Mathematics,,,
teenager.skin,available,66,4%,8,"Education,Entertainment,Healthcare",,,
exonerated.skin,available,66,2%,10,"Humanities,Law,Politics",,,
xii.skin,available,66,10%,3,Mathematics,,,
adopted.skin,available,66,4%,7,"Education,Healthcare",,,
ninety.skin,available,66,11%,6,Mathematics,,,
latest.skin,available,66,18%,6,Technology,,,
xvi.skin,available,66,5%,3,Mathematics,,,
modish.skin,available,66,5%,6,Fashion,,,
according.skin,available,66,3%,9,"Business,Education,Technology",,,
acappella.skin,available,66,6%,10,Entertainment,,,
tenner.skin,available,66,5%,6,Finance,,,
nondrinker.skin,available,64,1%,10,"Health and Fitness,Religion",,,
astringent.skin,available,64,1%,10,"Healthcare,Pharmaceuticals",,,
scatty.skin,available,64,1%,6,"Arts,Entertainment,Media",,,
aflame.skin,available,64,3%,6,Entertainment,,,
absolved.skin,available,64,1%,8,"Humanities,Law,Religion",,,
deviant.skin,available,64,12%,7,"Medicine,Science",,,
acentric.skin,available,64,2%,8,Science,,,
ccc.skin,available,64,38%,3,Mathematics,,,
adagio.skin,available,64,14%,6,Entertainment,,,
rising.skin,available,64,18%,6,"Construction,Manufacturing,Real Estate",,,
accordant.skin,available,64,3%,9,"Arts,Entertainment",,,
ensuant.skin,available,62,1%,7,"Healthcare,Insurance,Transportation",,,
activation.skin,available,62,16%,10,"Healthcare,Manufacturing,Technology",,,
playacting.skin,available,62,1%,10,Entertainment,,,
quartet.skin,available,62,7%,7,"Arts,Entertainment",,,
troika.skin,available,62,8%,6,Politics,,,
admissible.skin,available,62,1%,10,"Education,Healthcare,Law",,,
eleventh.skin,available,62,5%,8,Mathematics,,,
accrued.skin,available,62,2%,7,"Banking,Finance,Insurance",,,
eighteenth.skin,available,62,1%,10,Mathematics,,,
nail.skin,available,62,16%,4,"Construction,Fashion,General,Retail",,,
accusing.skin,available,62,1%,8,Law,,,
longdozen.skin,available,62,2%,10,Mathematics,,,
adoptive.skin,available,62,1%,8,"Education,Healthcare",,,
acidic.skin,available,62,5%,6,"Food and Beverage,Science",,,
aborigine.skin,available,62,1%,9,Humanities,,,
activistic.skin,available,62,1%,10,"Humanities,Politics",,,
wrapped.skin,available,62,13%,7,"Fashion,Hospitality,Retail",,,
pungent.skin,available,62,1%,7,Food and Beverage,,,
sixteenth.skin,available,62,1%,9,Mathematics,,,
chiliad.skin,available,62,2%,7,Mathematics,,,
exculpated.skin,available,62,1%,10,"Humanities,Law,Politics",,,
fortyfour.skin,available,62,6%,10,Mathematics,,,
twodozen.skin,available,62,1%,9,Mathematics,,,
abo.skin,available,62,15%,3,Science,,,
adjuvant.skin,available,62,5%,8,"Healthcare,Manufacturing,Technology",,,
roughly.skin,available,62,3%,7,"Business,Media,Technology",,,
aufait.skin,available,62,3%,7,"Fashion,Media",,,
cumulative.skin,available,62,2%,10,"Banking,Finance,Insurance",,,
orso.skin,available,62,9%,5,"Business,Media,Technology",,,
annexal.skin,available,60,1%,7,"Agriculture,Manufacturing,Retail",,,
clxx.skin,available,60,3%,4,Mathematics,,,
octet.skin,available,60,12%,5,Arts,,,
adnexal.skin,available,60,1%,7,"Agriculture,Manufacturing,Retail",,,
idolized.skin,available,60,3%,8,"Entertainment,Fashion,Retail",,,
abashed.skin,available,60,1%,7,Humanities,,,
xcl.skin,available,60,5%,3,Mathematics,,,
cxl.skin,available,60,7%,3,Mathematics,,,
adnate.skin,available,60,1%,6,"Agriculture,Manufacturing,Retail",,,
clxv.skin,available,60,1%,4,Mathematics,,,
clx.skin,available,60,10%,3,Mathematics,,,
cxxxv.skin,available,60,2%,5,Mathematics,,,
cxx.skin,available,60,10%,3,Mathematics,,,
idolised.skin,available,60,1%,8,"Entertainment,Fashion,Retail",,,
thou.skin,available,60,7%,4,Mathematics,,,
abstemious.skin,available,60,0%,10,"Food and Beverage,Health and Fitness,Hospitality",,,
paunchy.skin,available,60,0%,7,"Health and Fitness,Medicine",,,
acceptive.skin,available,60,1%,9,"Education,Healthcare",,,
clxxv.skin,available,60,1%,5,Mathematics,,,
clxxx.skin,available,60,1%,5,Mathematics,,,
tertiary.skin,available,60,4%,8,Education,,,
eightysix.skin,available,60,7%,10,Mathematics,,,
cautionary.skin,available,60,1%,10,"Business,Education,Healthcare",,,
cxxv.skin,available,60,1%,4,Mathematics,,,
cxv.skin,available,60,4%,3,Mathematics,,,
cxxx.skin,available,60,4%,4,Mathematics,,,
aboveboard.skin,available,60,5%,10,"Business,Law",,,
cxlv.skin,available,60,2%,4,Mathematics,,,
abstainer.skin,available,60,0%,9,"Health and Fitness,Religion",,,
sixty.skin,available,60,13%,5,Mathematics,,,
tercet.skin,available,59,2%,6,"Arts,Entertainment,Media",,,
adient.skin,available,58,4%,6,"Medicine,Science",,,
sextuplet.skin,available,58,1%,9,Healthcare,,,
accretive.skin,available,58,6%,9,"Banking,Finance,Insurance",,,
abuzz.skin,available,58,5%,5,"Entertainment,Media,Technology",,,
closeto.skin,available,58,3%,8,"Business,Media,Technology",,,
quintet.skin,available,58,8%,7,"Arts,Entertainment",,,
linear.skin,available,58,22%,6,"Engineering,Mathematics,Science",,,
pentad.skin,available,58,2%,6,Mathematics,,,
alacarte.skin,available,58,11%,10,Food and Beverage,,,
justabout.skin,available,58,3%,10,"Business,Media,Technology",,,
aucourant.skin,available,58,3%,10,"Fashion,Media",,,
seventy.skin,available,58,7%,7,Mathematics,,,
eighter.skin,available,58,2%,7,Mathematics,,,
centesimal.skin,available,58,1%,10,Mathematics,,,
lxxviii.skin,available,58,1%,7,Mathematics,,,
super.skin,available,58,47%,5,Business,,,
sixer.skin,available,58,5%,5,Sports,,,
addressed.skin,available,58,3%,9,"Business,Technology,Telecommunications",,,
abused.skin,available,58,5%,6,"Healthcare,Law",,,
sixtyone.skin,available,58,3%,9,Mathematics,,,
lxxx.skin,available,58,2%,4,Mathematics,,,
adjustive.skin,available,58,1%,9,"Manufacturing,Retail,Technology",,,
octad.skin,available,58,5%,5,Mathematics,,,
tetrad.skin,available,58,5%,6,Mathematics,,,
twelfth.skin,available,58,2%,7,Mathematics,,,
accented.skin,available,58,3%,8,"Arts,Entertainment",,,
actuarial.skin,available,58,8%,9,"Finance,Insurance,Mathematics",,,
hexad.skin,available,58,4%,5,Mathematics,,,
enwrapped.skin,available,58,0%,9,"Entertainment,Fashion,Media",,,
seven.skin,available,58,36%,5,Mathematics,,,
acetic.skin,available,58,1%,6,"Food and Beverage,Science",,,
accoutred.skin,available,58,1%,9,"Fashion,Manufacturing,Retail",,,
addible.skin,available,58,2%,7,"Engineering,Mathematics,Science",,,
abridged.skin,available,58,4%,8,Media,,,
abandoned.skin,available,58,10%,9,"Construction,Real Estate",,,
heptad.skin,available,58,1%,6,Mathematics,,,
adhoc.skin,available,58,24%,6,"Business,Engineering,Technology",,,
acyclic.skin,available,58,4%,7,"Engineering,Mathematics,Science",,,
offhanded.skin,available,58,1%,9,Entertainment,,,
fifth.skin,available,58,12%,5,Mathematics,,,
fourscore.skin,available,58,4%,9,Mathematics,,,
niner.skin,available,58,5%,5,Mathematics,,,
xxxii.skin,available,56,1%,5,Mathematics,,,
fiftyfive.skin,available,56,7%,10,Mathematics,,,
xxxv.skin,available,56,4%,4,Mathematics,,,
fiftysix.skin,available,56,4%,9,Mathematics,,,
xlvii.skin,available,56,2%,5,Mathematics,,,
xlii.skin,available,56,5%,4,Mathematics,,,
xxviii.skin,available,56,1%,6,Mathematics,,,
xlv.skin,available,56,6%,3,Mathematics,,,
lvi.skin,available,56,8%,3,Mathematics,,,
potbellied.skin,available,56,0%,10,"Health and Fitness,Medicine",,,
thirtyone.skin,available,56,5%,10,Mathematics,,,
terzetto.skin,available,56,3%,8,Arts,,,
fiftytwo.skin,available,56,6%,9,Mathematics,,,
xxxvii.skin,available,56,2%,6,Mathematics,,,
lvii.skin,available,56,1%,4,Mathematics,,,
xxix.skin,available,56,4%,4,Mathematics,,,
thirtysix.skin,available,56,5%,10,Mathematics,,,
xxxi.skin,available,56,9%,4,Mathematics,,,
appressed.skin,available,56,0%,9,"Agriculture,Manufacturing,Retail",,,
fortysix.skin,available,56,3%,9,Mathematics,,,
xxxvi.skin,available,56,1%,5,Mathematics,,,
admissive.skin,available,56,1%,9,"Education,Healthcare,Hospitality",,,
liii.skin,available,56,4%,4,Mathematics,,,
xxxviii.skin,available,56,1%,7,Mathematics,,,
lii.skin,available,56,7%,3,Mathematics,,,
xxxiv.skin,available,56,1%,5,Mathematics,,,
addled.skin,available,56,2%,6,Entertainment,,,
xxvii.skin,available,56,3%,5,Mathematics,,,
xxxiii.skin,available,56,2%,6,Mathematics,,,
fortytwo.skin,available,56,17%,9,Mathematics,,,
fiftyfour.skin,available,56,3%,10,Mathematics,,,
xlviii.skin,available,56,1%,6,Mathematics,,,
fortynine.skin,available,56,3%,10,Mathematics,,,
admittible.skin,available,56,1%,10,"Education,Healthcare,Hospitality",,,
admittable.skin,available,56,1%,10,"Education,Healthcare,Hospitality",,,
xliii.skin,available,56,1%,5,Mathematics,,,
abeyant.skin,available,56,1%,7,"Business,Law",,,
maledict.skin,available,56,1%,8,Religion,,,
xxiv.skin,available,56,5%,4,Mathematics,,,
aone.skin,available,56,15%,5,Food and Beverage,,,
triad.skin,available,56,15%,5,Arts,,,
xlvi.skin,available,56,3%,4,Mathematics,,,
accoutered.skin,available,56,0%,10,"Fashion,Manufacturing,Retail",,,
fortyone.skin,available,56,4%,9,Mathematics,,,
xli.skin,available,56,5%,3,Mathematics,,,
xxiii.skin,available,56,5%,5,Mathematics,,,
fiftyone.skin,available,56,7%,9,Mathematics,,,
abdominous.skin,available,56,0%,10,"Health and Fitness,Medicine",,,
thirtytwo.skin,available,56,5%,10,Mathematics,,,
lviii.skin,available,56,1%,5,Mathematics,,,
xliv.skin,available,56,2%,4,Mathematics,,,
fiftynine.skin,available,56,4%,10,Mathematics,,,
halfdozen.skin,available,56,1%,10,Mathematics,,,
ilx.skin,available,56,5%,3,Mathematics,,,
accursed.skin,available,54,3%,8,"Entertainment,Media,Religion",,,
quaternion.skin,available,54,6%,10,Mathematics,,,
adductive.skin,available,54,0%,9,"Engineering,Mathematics,Science",,,
monitory.skin,available,54,3%,8,"Business,Education,Healthcare",,,
accentual.skin,available,54,3%,9,"Arts,Entertainment",,,
abatic.skin,available,54,1%,6,Science,,,
deserted.skin,available,54,3%,8,"Hospitality,Real Estate",,,
abducens.skin,available,54,1%,8,Medicine,,,
sise.skin,available,54,5%,4,Mathematics,,,
topnotch.skin,available,54,18%,8,Business,,,
quaternity.skin,available,54,4%,10,Mathematics,,,
aboral.skin,available,54,2%,6,Science,,,
abatable.skin,available,54,1%,8,Law,,,
unnatural.skin,available,54,4%,9,"Medicine,Science",,,
abaxial.skin,available,54,1%,7,Science,,,
adducent.skin,available,54,1%,8,"Engineering,Mathematics,Science",,,
quintuplet.skin,available,54,1%,10,"Healthcare,Medicine,Science",,,
iii.skin,expiring,54,24%,3,Mathematics,14/09/2024 21:46,14/09/2025 23:59,"Spaceship, Inc."
deuceace.skin,available,54,2%,9,Sports,,,
fortyfive.skin,available,54,4%,10,Mathematics,,,
admonitory.skin,available,54,0%,10,"Business,Education,Healthcare",,,
adpressed.skin,available,54,0%,9,"Agriculture,Manufacturing,Retail",,,
threescore.skin,available,54,1%,10,Mathematics,,,
achromatic.skin,available,54,4%,10,Science,,,
adaxial.skin,available,54,2%,7,Science,,,
fin.skin,resell,54,30%,3,Finance,14/07/2025 08:18,14/07/2026 23:59,Dynadot LLC
abasic.skin,available,54,1%,6,Science,,,
ternion.skin,available,54,3%,7,Mathematics,,,
actuated.skin,available,54,2%,8,"Automotive,Manufacturing,Technology",,,
quatern.skin,available,54,2%,7,Mathematics,,,
vii.skin,available,54,13%,3,Mathematics,,,
acoustical.skin,available,54,4%,10,Science,,,
twoscore.skin,available,54,2%,8,Mathematics,,,
achy.skin,available,54,3%,4,Healthcare,,,
adjuratory.skin,available,54,0%,10,"Law,Politics,Religion",,,
abient.skin,available,54,1%,6,Science,,,
viii.skin,available,54,6%,4,Mathematics,,,
scratchy.skin,available,54,3%,8,Fashion,,,
adducting.skin,available,54,1%,9,"Engineering,Mathematics,Science",,,
quadruplet.skin,available,54,1%,10,"Healthcare,Medicine,Science",,,
abhorrent.skin,available,54,1%,9,Humanities,,,
septet.skin,available,53,1%,6,General,,,
sestet.skin,available,53,1%,6,Arts,,,
xcviii.skin,available,52,1%,6,Mathematics,,,
ablated.skin,available,52,1%,7,Science,,,
xciv.skin,available,52,2%,4,Mathematics,,,
ninetysix.skin,available,52,4%,10,Mathematics,,,
xciii.skin,available,52,1%,5,Mathematics,,,
chagrined.skin,available,52,1%,9,Humanities,,,
repugnant.skin,available,52,1%,9,Humanities,,,
xcvii.skin,available,52,1%,5,Mathematics,,,
sixtyfour.skin,available,52,3%,10,Mathematics,,,
lxxiii.skin,available,52,1%,6,Mathematics,,,
sixtytwo.skin,available,52,3%,9,Mathematics,,,
odious.skin,available,52,2%,6,"Entertainment,Humanities",,,
adenoidal.skin,available,52,1%,9,"Health and Fitness,Medicine,Science",,,
lxxiv.skin,available,52,1%,5,Mathematics,,,
lxviii.skin,available,52,1%,6,Mathematics,,,
abusive.skin,available,52,3%,7,"Healthcare,Law",,,
lxxxvii.skin,available,52,1%,7,Mathematics,,,
abysmal.skin,available,52,4%,7,"Arts,Entertainment,Media",,,
lxi.skin,available,52,5%,3,Mathematics,,,
eightytwo.skin,available,52,4%,10,Mathematics,,,
lxxii.skin,available,52,1%,5,Mathematics,,,
sixtysix.skin,available,52,4%,9,Mathematics,,,
repulsive.skin,available,52,1%,9,Humanities,,,
littlejoe.skin,available,52,2%,10,"Entertainment,Media",,,
lxxvi.skin,available,52,1%,5,Mathematics,,,
aboulic.skin,available,52,1%,7,Medicine,,,
ixl.skin,available,52,9%,3,Mathematics,,,
xcii.skin,available,52,2%,4,Mathematics,,,
ninetyone.skin,available,52,5%,10,Mathematics,,,
abstruse.skin,available,52,5%,8,"Humanities,Mathematics,Science",,,
lxxv.skin,available,52,1%,4,Mathematics,,,
tierce.skin,available,52,3%,6,General,,,
lxvii.skin,available,52,1%,5,Mathematics,,,
lxxxi.skin,available,52,1%,5,Mathematics,,,
lxvi.skin,available,52,3%,4,Mathematics,,,
lxii.skin,available,52,1%,4,Mathematics,,,
lxxxvi.skin,available,52,1%,6,Mathematics,,,
uphill.skin,available,52,7%,6,"Sports,Transportation,Travel",,,
lxxvii.skin,available,52,2%,6,Mathematics,,,
ninetytwo.skin,available,52,4%,10,Mathematics,,,
abominable.skin,available,52,2%,10,"Entertainment,Humanities",,,
lxxxii.skin,available,52,1%,6,Mathematics,,,
lxxxv.skin,available,52,1%,5,Mathematics,,,
xci.skin,available,52,4%,3,Mathematics,,,
lxxxiv.skin,available,52,1%,6,Mathematics,,,
xcvi.skin,available,52,2%,4,Mathematics,,,
lxxi.skin,available,52,1%,4,Mathematics,,,
xcv.skin,available,52,7%,3,Mathematics,,,
lxv.skin,available,52,5%,3,Mathematics,,,
lxiii.skin,available,52,2%,5,Mathematics,,,
eightyone.skin,available,52,3%,10,Mathematics,,,
detestable.skin,available,52,1%,10,Humanities,,,
lxiv.skin,available,52,3%,4,Mathematics,,,
lxxxiii.skin,available,52,1%,7,Mathematics,,,
decumbent.skin,available,52,1%,9,"Healthcare,Medicine,Science",,,
sixtyfive.skin,available,52,3%,10,Mathematics,,,
ixc.skin,available,52,5%,3,Mathematics,,,
needlelike.skin,available,50,0%,10,"Engineering,Medicine,Science",,,
acaudal.skin,available,50,1%,7,"Agriculture,Science",,,
vinegary.skin,available,50,1%,8,Food and Beverage,,,
scummy.skin,available,50,1%,6,Humanities,,,
acerb.skin,available,50,2%,5,Science,,,
acetose.skin,available,50,1%,7,Science,,,
abactinal.skin,available,50,0%,9,Science,,,
triplet.skin,available,50,8%,7,Science,,,
broached.skin,available,50,0%,8,Food and Beverage,,,
aborticide.skin,available,50,0%,10,Medicine,,,
abdicable.skin,available,50,0%,9,Law,,,
adactylous.skin,available,50,0%,10,Science,,,
abomasal.skin,available,50,0%,8,Agriculture,,,
spinous.skin,available,50,1%,7,"Agriculture,Science",,,
aculeated.skin,available,50,0%,9,"Engineering,Medicine,Science",,,
lxx.skin,available,50,5%,3,Mathematics,,,
acellular.skin,available,50,1%,9,Science,,,
abbatial.skin,available,50,0%,8,Religion,,,
acapnic.skin,available,50,0%,7,"Healthcare,Medicine,Science",,,
acerose.skin,available,50,1%,7,Science,,,
quint.skin,available,50,13%,5,"Arts,Entertainment",,,
acetous.skin,available,50,1%,7,Science,,,
trine.skin,available,50,11%,5,"General,Religion",,,
ogdoad.skin,available,50,1%,6,Mathematics,,,
adhominem.skin,available,50,2%,10,"Humanities,Law,Politics",,,
acerbic.skin,available,50,2%,7,"Arts,Humanities,Media",,,
abranchial.skin,available,50,0%,10,Science,,,
gillless.skin,available,50,0%,9,Science,,,
abducting.skin,available,50,0%,9,Medicine,,,
cinque.skin,available,50,7%,6,Mathematics,,,
acapnotic.skin,available,50,0%,9,"Healthcare,Medicine,Science",,,
acquitted.skin,available,50,1%,9,Law,,,
ilxx.skin,available,48,1%,4,Mathematics,,,
execrable.skin,available,48,0%,9,"Entertainment,Humanities",,,
ilxxx.skin,available,48,1%,5,Mathematics,,,
abstracted.skin,available,48,5%,10,"Arts,Humanities,Science",,,
apriori.skin,available,48,13%,8,Mathematics,,,
lxxxviii.skin,available,48,1%,8,Mathematics,,,
notguilty.skin,available,48,5%,10,Law,,,
abyssal.skin,available,48,12%,7,"Arts,Entertainment,Media",,,
acarpelous.skin,available,46,0%,10,"Agriculture,Science",,,
stemless.skin,available,46,2%,8,"Agriculture,Science",,,
quaternary.skin,available,46,3%,10,Mathematics,,,
acanthotic.skin,available,46,0%,10,"Agriculture,Science",,,
acetylenic.skin,available,46,1%,10,Science,,,
acaudate.skin,available,46,1%,8,"Agriculture,Science",,,
acetylic.skin,available,46,1%,8,Science,,,
acetabular.skin,available,46,1%,10,Science,,,
achenial.skin,available,46,1%,8,Science,,,
acheronian.skin,available,46,1%,10,Humanities,,,
acetonic.skin,available,46,1%,8,Science,,,
vinegarish.skin,available,46,1%,10,Food and Beverage,,,
achromous.skin,available,46,1%,9,Science,,,
acarpous.skin,available,46,0%,8,"Agriculture,Science",,,
acanthous.skin,available,46,0%,9,"Agriculture,Science",,,
acicular.skin,available,46,2%,8,Science,,,
acephalous.skin,available,46,1%,10,Science,,,
theabsurd.skin,available,46,1%,10,"Arts,Entertainment,Media",,,
acapnial.skin,available,46,0%,8,"Healthcare,Medicine,Science",,,
acanthoid.skin,available,46,1%,9,"Agriculture,Science",,,
cotyloid.skin,available,46,1%,8,Science,,,
achromic.skin,available,46,2%,8,Science,,,
stripling.skin,available,46,2%,9,"Education,Entertainment,Healthcare",,,
accusatory.skin,available,44,1%,10,Law,,,
acherontic.skin,available,44,1%,10,Humanities,,,
cotyloidal.skin,available,44,1%,10,Science,,,
abscessed.skin,available,41,0%,9,Healthcare,,,
phoebe.skin,available,41,14%,6,Science,,,
scurrilous.skin,available,40,1%,10,"Entertainment,Media,Politics",,,
accurst.skin,available,40,1%,7,Religion,,,
accusive.skin,available,40,1%,8,Law,,,